CODIGO,DESC_PROUTO,DESC_ABV,Unidades
100000019,BALLANTINE'S FINEST 50% 1L,BALLANTINE'S FINEST     100CL,1000
100000035,BLCK & WHT 1L 12X01,BLACK & WHITE            100CL,10698
100000051,C. SARK 100CL,CUTTY SARK               100CL,8628
100000078,DEWAR'S WHITE LABEL 100CL,DEWAR'S WHITE LABEL      100CL,7463
100000086,GRANT'S CARTON 100CL,GRANT'S CARTON          100CL,684
100000094,BIOPUR FLUIDE MAT HIDRATA 50ML,BIOPUR FLUIDE MAT HYDRATA 50ML,10698
100000132,J B RARE,J&B RARE                 100CL,1028
100000141,J&B RARE 4X100CL,J&B RARE               4X100CL,10698
100000159,BLUSH SUBTIL BRUN D'OR ,BLUSH SUBTIL BRUN D'OR,10698
100000167,JOHNNIE WALKER RED LABEL X 100CL 7YO,J WALKER RED LABEL       100CL,1091
100000191,W. HORSE RUS 40% 1L,WHITE HORSE              100CL,7336
100000299,BUCHANANS 12YO,BUCHANANS 12YO           100CL,7602
100000302,BUCHANAN DE LUXE 3X100CL,BUCHANAN'S 12YO        3X100CL,7602
100000311,CHIVAS REGAL 12YO 40% PET 50CL,CHIVAS REGAL              50CL,8375
100000329,TEINT IDOLE SABLE BEIGE   30ML,TEINT IDOLE SABLE BEIGE   30ML,10698
100000345,C. REGAL 12YO 40% IC 1L,CHIVAS REGAL             100CL,8375
100000353,C. REGAL 6X100CL,CHIVAS REGAL           6X100CL,8375
100000361,C. REGAL 3X100CL,CHIVAS REGAL           3X100CL,8375
100000388,C. REGAL 12YO IN CABIN BAG 40% TWINPACK 2X1L,CHIVAS REGAL           2X100CL,8375
100000442,LOGAN DE LUXE 12YO 100CL,LOGAN DE LUXE 12YO       100CL,2770
100000451,LOGAN DE LUXE 12YO 2X100CL,LOGAN DE LUXE 12YO 2X100CL,1
100000485,JOHNNIE WALKER BLACK LABEL X 100CL 12YO,J WALKER BLACK LABEL     100CL,1090
100000507,J.WALKER BLACK LABEL 12YO 6X100CL,J WALKER BLACK LABEL   6X100CL,10698
100000523,JOHNNIE WALKER BLACK LABEL 12YO 175CL,J WALKER BLACK LABEL     175CL,10698
100000531,CARDHU MALT 12YO 100CL,CARDHU MALT 12YO         100CL,8995
100000558,GLENFIDDICH 12YO 40% 1L,GLENFIDDICH 12YO 100CL,599
100000574,GLENLIVET 12YO 40% IC 1L,GLENLIVET 12YO           100CL,639
100000604,BALLANTINE'S 40% TWINPACK 2X1L,BALLANTINE'S FINEST    2X100CL,1115
100000612,JAMESON 7YO,JAMESON                  100CL,1033
100000639,SEAGRAM'S VO 100CL,SEAGRAM'S VO             100CL,10698
100000647,CROWN ROYAL,CROWN ROYAL              100CL,8434
100000655,JACK DANIELS TENNESSEE WHISKEY,JACK DANIEL'S OLD N.7    100CL,1032
100000663,BEEFEATER GIN LITRE,BEEFEATER                100CL,5944
100000671,EXTRA VIELLE 30ML,BRINDE EXTRA VIELLE EDC 30ML,1
100000680,GIN GORDONS 100CL,GORDONS 100CL,674
100000698,TANQUERAY LONDON DRY 47% 1L,TANQUERAY LONDON DRY 100CL,7598
100000701,STOLICHNAYA 100CL,STOLICHNAYA              100CL,7053
100000710,WYBOROBA VODKA,WYBOROWA BLUE LABEL      100CL,7962
100000736,FINLANDIA VODKA CLASSIC 100CL,FINLANDIA                100CL,340
100000779,COURVOISIER NAPOLEON      70CL,COURVOISIER NAPOLEON      70CL,10698
100000833,LANCOME O OUI LES SECRETS EDTS 75,O OUI! EDT SP             75ML,1361
100000841,COURVOISIER V.S.O.P. 70CL,COURVOISIER VSOP          70CL,8609
100000850,J.WALKER RED LABEL 40% TWINPACK 2X1L,J WALKER RED LABEL 2X100CL,1091
100000906,REMY MARTIN VSOP 70CL,REMY MARTIN VSOP          70CL,10698
100000922,CAMPARI 28.5% 1L,CAMPARI 100CL,7909
100000981,DI SARONNO AMARETTO 100CL,DISARONNO 100CL,8824
100001007,M. BRIZARD CREME DE CASSIS,CREME DE CASSIS DIJON    100CL,607
100001040,COINTREAU 40% 1L,COINTREAU                100CL,8588
100001058,DRAMBUIE 40 1L,DRAMBUIE                 100CL,10415
100001066,G. MARNIER CORDON ROUGE GLORYFIER 100CL,G MARNIER CORDON ROUGE 100CL,675
100001074,HEERING CHERRY LIQUEUR 100CL,HEERING CHERRY LIQUEUR   100CL,10698
100001082,KAHLUA 100CL,KAHLUA                   100CL,10698
100001091,BAILEYS IRISH CREAM 17 1L,BAILEYS ORIGINAL         100CL,860
100001139,WILLIAMS PRISIONER PEAR 50CL,WILLIAMS PRISIONER PEAR   50CL,10698
100001163,TIA MARIA 100CL,TIA MARIA                100CL,7160
100001228,LA INA FINO SHERRY 100CL,LA INA FINO SHERRY       100CL,10698
100001236,SANDEMAN PORT RUBY 19.5% 1L,SANDEMAN PORT RUBY 100CL,6901
100001244,SANDEMAN FOUNDERS RESERVE 75CL,SANDEMAN FOUNDERS RESERVE 75CL,6901
100001252,MOET CHANDON BRUT IMPERIAL,M&CHANDON BRUT IMPERIAL   75CL,6011
100001279,V. CLICQUOT BRUT WITH CASE 75CL,VEUVE CLICQUOT            75CL,7597
100001309,D. PERIGNON VINTAGE 75CL,DOM PERIGNON 75CL,2787
100001325,B. & GUESTIER ST EMILION 75CL,B&G ST EMILION            75CL,9076
100001333,B. & GUESTIER ST LOUIS BEAUJOLAIS 75CL,B&G ST LOUIS BEAUJOLAIS   75CL,9076
100001341,B. & GUESTIER COTES DU RHONE ROUGE 75CL,B&G COTES DU RHONE ROUGE  75CL,9076
100001350,B. & GUESTIER ROSE D'ANJOU AC 75CL,B&G ROSE D'ANJOU AC       75CL,9076
100001686,GLENLIVET 12YO 2X100CL,GLENLIVET 12YO         2X100CL,10698
100001741,QUINTA DA BACALHOA 75CL,QUINTA DA BACALHOA        75CL,9343
100001775,R. SALUTE 21YO 40% IC 70CL,ROYAL SALUTE 21YO         70CL,9303
100001783,R. SALUTE 21YO 2X70CL,ROYAL SALUTE 21YO       2X70CL,9303
100001899,GITANES FILTER 200,GITANES FILTER 200,10698
100001945,DUNHILL INTERNATIONAL 200,DUNHILL INTERNATIONAL C/200,10698
100001996,EN- CAMEL FULL FLAVOR 200,CAMEL FF BOX 200,7898
100002020,EN WINSTON RED FF KS FI BOX 200,WINSTON RED FF BOX 200,10698
100002054,EN MORE INTERNATIONAL FF LS FI BOX 200,MORE FILTERS 120'S SOFT C/200,10698
100002101,EN- LUCKY STRIKE ORIGINAL RED,Lucky Strike Red 200,5884
100002151,MARLBORO LIGHTS FTB W/200,MARLBORO GOLD FTB 200,5922
100002160,EN- MARLBORO ORIGINAL KSF 200...,MARLBORO RED UPGRADE FTB 200,5923
100002259,MARLBORO 100'S FTB RED ROOF,MARLBORO 100'S RED FTB BOX 200,10698
100002305,BALLANTINES 21YO,BALLANTINE'S 21YO         70CL,1115
100002381,EN CAFE CREME 5X20,CIGARRILHA CAFE CREME 5X20,9062
100002399,CHARUTO HALF CORONA 5X5,CHARUTO HALF CORONA 5X5,10698
100002453,BALLANTINES 30YO,BALLANTINE'S 30YO         70CL,1115
100002518,RILLOS CIGARRILOS,CIGARRILHA D-RILLOS C/25,10698
100002551,JOSE LLOPIS NR.2 25,JOSE LLOPIS NR.2 C/25,10698
100002569,JOSE LLOPIS CONTADORA 25,JOSE LLOPIS CONTADORA C/25,10698
100002704,BRIE PRESIDENT 125G,BRIE PRESIDENT            125G,10698
100002739,F. GROUSE 40% 1L,THE FAMOUS GROUSE FINEST 100CL,192
100002810,LINDT LINDOR MILK SINGLES 144/100G,BAR LINDOR LINDT MILK 100G,10698
100002852,LINDT NAPOLITAINS ASSORTED CARRIER BOX 1KG,CHOC NAPOLITAINS ASSORT  1000G,10698
100002917,ESCARGOT LATA C/3 DZ EXTR 400G,ESCARGOT LATA C/3 DZ EXTR 400G,10698
100002933,ESCARGOT TUBO PLAST 2DZ   200G,ESCARGOT TUBO PLAST 2DZ   200G,10698
100002941,AMENDOAS SORTIDAS        800G,AMENDOAS SORTIDAS         800G,10698
100002968,ROUGIE HIGADO OCA TRUFADO 75G,BLOC FIGADO GANSO C/TRUFAS 75G,10698
100002984,BASEBALL CAP W/SWISS ARMY LOGO,BRD BONE BASEBALL SWISS ARMY,10698
100003093,ROUGIE BLOC OF GOOSE LIVER - TRAPEZIUM 145G,BLOCO DE FIGADO DE GANSO  145G,1532
100003221,GE 900MHZ CORDLESS TELEPHONE,TEL S/FIO             29920 GE,10698
100003298,J&B RARE 2X100CL,J&B RARE               2X100CL,1028
100003409,LQ-136B LADIES' CASUAL,REL-F AN CASUAL   LQ136B CASIO,10698
100003476,LQ-404GL HIS & HERS STRAP FASHION,REL-F AN H&HERS  LQ404GL CASIO,10698
100003557,GOLDKENN THE FAMOUS GOLDBAR 300G,CHOC FAMOUS GOLDBAR       300G,669
100003697,DIORIFIC P SHINE RG D'AMOU 857,DIORIFIC P SHINE RG D'AMOU 857,10698
100003760,LIPLINER 833,CRAYON CONTOUR LEVRES 833,1
100003905,BLACK & WHITE 2X100CL,BLACK & WHITE          2X100CL,10698
100004057,W. HORSE 2X100CL,WHITE HORSE            2X100CL,7336
100004138,D&G POCHETTE FOR LADY,BRD POCHETE FEM DOLCE&GABBANA,10698
100004227,C. SARK 2X100CL,CUTTY SARK             2X100CL,8628
100004898,CAROLANS IRISH CREAM LIQUEUR 12X100CL REGULAR BOTTLE 17% VOL,CAROLANS                 100CL,7902
100004961,TIO PEPE                 100CL,TIO PEPE                 100CL,7958
100005363,FREE GIFT BIOTHERM NECESSIRE W/3 PRODUCTS,BRD NECESSAIRE BIOTHERM C/3P,10698
100005916,WILLIAM LAWSON'S SCOTTISH GOLD 12YO 100CL,W LAWSON'S SCOTTISH GOLD 100CL,10698
100006017,ESPIO 160 GOLD CS&BT 1017 PNTX,CAM ESPIO 160 GOLD CS&BT  PNTX,10698
100006262,CHANEL N.19 EDP VAP 50ML,CHANEL N.19 EDP SPRAY     50ML,1
100006351,O DE LANCOME EDT SPRAY   125ML,O DE LANCOME EDT SP      125ML,10698
100006751,GIVENCHY AMARIGE EDTS 100,AMARIGE EDT SP           100ML,537
100006777,JOHNNIE WALKER GREEN 2X100CL,J WALKER GREEN LABEL 2X100CL,10698
100006831,C.DIOR LINER BLACK 1.35,CD PRECISE ACT LINER 098   BLK,10698
100007048,XERYUS ROUGE EDT SPRAY    50ML,XERYUS ROUGE EDT SP       50ML,10698
100007269,AMAZONE DEODORANT 100ML,AMAZONE DEODORANT        100ML,10698
100007382,MILKA MILK 300G,CHOC MILKA MILK           300G,1
100007391,MILKA HAZELNUTS 300G,CHOC MILKA HAZELNUTS      300G,1
100007676,E.LAUDER RE-NUTRIV INTENSIVE LIFTING CR 50,RE-NUTRIV INTENSIV LIFTIN 50ML,10698
100007781,E.LAUDER RE-NUTRIV INTENSIVE LIFT CR 15,RE-NUTRIV INTENS LIFT EYE 15ML,1444
100007838,J&B JET 100CL,J&B JET                  100CL,10698
100008036,B. SAPPHIRE 47% 1L,BOMBAY SAPPHIRE          100CL,7052
100008044,A. RAMOS-PINTO PORTO 75CL,ADRIANO PORTO RES TAWNY   75CL,9337
100008079,A. RAMOS-PINTO QUINTA DA ERVAMOIRA 10YO 75 CL,QUINTA DA ERVAMOIRA 10YO  75CL,9337
100008087,DE KUYPER PEACH CREAM 70CL,PEACH CREAM               70CL,7494
100008109,CIGARRILHA CAFE CREME 20,CIGARRILHA CAFE CREME 20,10698
100008168,2 CELL D BLACK BLISTER MAG,LANTERN 2 CELL D BLACK BL  MAG,10698
100008346,OPIUM P/HOMME EDT SPRAY  50ML,OPIUM P/H EDT SP          50ML,10698
100008796,SAFARI FOR MEN EDT SPRAY  75ML,SAFARI EDT SP             75ML,10698
100008907,CACHAREL ANAIS EDTS 100,ANAIS ANAIS EDT SP       100ML,7748
100008958,ANAIS ANAIS DEODORANT SP 150ML,ANAIS ANAIS DEODORANT SP 150ML,10698
100009024,FABULOUS MASCARA   V2000 GVERS,FABULOUS MASCARA   V2000 GVERS,10698
100009113,DOLCE VITA EDT SP         50ML,DOLCE VITA EDT SP         50ML,1
100009121,C.DIOR DOLCE VITA EDTS 100,DOLCE VITA EDT SPRAY     100ML,9585
100009377,CHANEL NO 19 EDTS NOT REFILL 100,CHANEL N.19 EDT          100ML,8302
100009393,CHANEL ANTAEUS EDTS 100,ANTAEUS EDT              100ML,8308
100009458,STREETWEAR MULTIPACK LUNCH BOX,STREETWEAR MULTIPACK LUNCH BOX,10698
100009482,ARMANI POUR HOMME EDT       100ML,ARMANI POUR HOMME EDT    100ML,10698
100009504,ARMANI HOMME EDTS 50,EAU P/H EDT SP            50ML,10698
100009695,A. RAMOS-PINTO LAGRIMA 75CL,LAGRIMA PORT BRANCO       75CL,9337
100009725,C.DIOR POISON EDTS 100,POISON EDT SPRAY         100ML,9576
100009741,A. RAMOS-PINTO TAWNY 30YO 75CL,PORTO TAWNY 30 YO         75CL,9337
100009814,A. RAMOS-PINTO TRADITIONAL LBV 75CL,ADRIANO PORTO LBV         75CL,9337
100009865,AZZARO P/HOMME EDT       250ML,AZZARO P/HOMME EDT       250ML,10698
100009881,AZZARO HOMME EDTS 100,AZZARO P/H EDT SP        100ML,615
100009890,AZZARO P/ HOMME DEO 150 ML,AZZARO P/H DEO SPRAY     150ML,615
100009962,CAN TWIN PEN SAFARI PR-617 LAM,CAN TWIN PEN SAF PR   617 LAMY,1
100009997,CD KHOL PENCIL BLACK 099,KHOL E/PENCIL 099          BLK,1
100010251,LOGAN DE LUXE 12YO 6X100CL,LOGAN DE LUXE 12YO 6X100CL,1
100010391,BARBIE SUMMER FUN EDT SPR 75ML,BARBIE SUMMER FUN EDT SPR 75ML,10698
100010499,CHOCOLATE AO LEITE 100G,CHOC AO LEITE DIET        100G,10698
100010502,CHOCOLATE AO LEITE C/NOZES/AMENDOAS,CHOC AO LEITE C/NOZES/AMENDOAS,10698
100010685,O DE LANCOME EDT         100ML,O DE LANCOME EDT         100ML,10698
100010758,COFFRET DALI COLLECTION 5 PERF,COFFRET DALI COLLECTION 5 PERF,10698
100010944,GUY LAROCHE DRAKKAR NOIR EDT SPRAY 100,DRAKKAR NOIR EDTS 100,1411
100011100,COFFRET EDT SALVADOR DALI,COFFRET C/3 CANETAS S DALI,10698
100011304,GOLDSCHLAGER 70CL 06X01,GOLDSCHLAGER              70CL,8398
100011517,P.RABANNE POUR HOMME EDTS 100,P RABANNE P/H EDT SP     100ML,6631
100011797,P.RABANNE XS HOMME EDTS 100,XS EDT SP                100ML,10698
100011843,P.RABANNE XS POUR HOMME DEO SPRAY 150ML,XS POUR HOMME DEO SPRAY  150ML,6647
100012033,CAMEMBERT PRESIDENT 45%  3X250G,CAMEMBERT PRESIDENT     3X250G,1
100012122,J WLKR RED 2L 06X01,J WALKER RED LABEL       200CL,1092
100012211,BALLANTINE'S FINEST 200CL,BALLANTINE'S FINEST      200CL,10698
100012327,JOOP NIGHTFLIGHT EDTS SPRAY 75ML,NIGHTFLIGHT EDT SP        75ML,1111
100012343,S. SPECIAL,SOMETHING SPECIAL        100CL,8629
100012360,QUEEN ANNE 100CL,QUEEN ANNE               100CL,10698
100012599,WAIST BAG,BRD BOLSA CINTURA GLENFIDDICH,10698
100012602,PARIS EDT                125ML,PARIS EDT                125ML,10698
100012611,YSL PARIS EDTS 75,PARIS EDT SP              75ML,7354
100012637,PARIS DEODORANT SPRAY    125ML,PARIS DEODORANT SPRAY    125ML,10698
100012769,VAN CLEEF & ARPELS POUR HOMME EDTS VAPO 100,VC&A P/H EDT SP          100ML,7271
100012866,LAUREN EDT SPRAY          59ML,LAUREN EDT SPRAY          59ML,10698
100012891,R. LAUREN POLO GREEN 59ML EDT SPRAY,POLO EDT SP               59ML,1482
100012904,R.LAUREN POLO AFTER SHAVE LOTION 118ML,POLO AFTER SHAVE LOTION  118ML,1502
100012921,R.LAUREN POLO GREEN 118ML EDT SPRAY,POLO EDT SP              118ML,1482
100012971,P.PICASSO PICASSO PALOMA EDPS 50,PALOMA PICASSO EDP SP     50ML,6528
100013102,DAVIDOFF COOL WATER EDTS 125,COOL WATER EDT SP        125ML,8734
100014109,FACE SOAP REGULAR STRENGT 150G,SSFM REG STRENGHT SOAP 150G,10698
100014231,PARTYCUBE RED 125G,QUEIJO PARTYCUBE RED 125G,10698
100014290,E.LAUDER BEAUTIFUL EDPS 75,BEAUTIFUL EDP SP          75ML,10698
100014346,E.LAUDER KNOWING EDPS 75,KNOWING EDP SP            75ML,10698
100014443,GENTLE EYE MAKEUP REMOVE 100ML,GENTLE EYE MAKEUP REMOVE 100ML,10698
100014656,ROLLER PEN SAFARI     316 LAMY,CAN ROL SAFARI VERM   316 LAMY,10698
100014664,FOUNT PEN SAFARI BLACK 17 LAMY,CAN TIN SAFARI PRETA   17 LAMY,10698
100014672,LAP 5MM PLAST PRETA   117 LAMY,LAP 5MM SAFARI PRETA 117 LAMY,10698
100014681,BALLP PEN SAFARI BLCK 217 LAMY,CAN ESF SAFARI PRETA 217 LAMY,10698
100014842,J WALKER RED LABEL 40% 6X100CL,J WALKER RED LABEL 40% 6X100CL,1092
100014893,BALL POINT PEN CL LU 3502 CROS,CAN ESF CCENTURY L CHROME CROS,7401
100014915,CROSS CLASSIC BLACK BALLPOINT PEN,CAN ESF CCENTURY CLAS BLK CROS,7401
100015075,E.LAUDER PLEASURES EDPS 100,PLEASURES EDP SP         100ML,10698
100015237,CLINIQUE MEN SCRUFFING LOTION 2.5 200,SCRUFFING LOT 2 1/2 200ML,8533
100015261,MEIST FOUNT PEN     10575 MBLA,CAN TIN MST GP 149 10575 MBLA,10698
100015326,MEISTERS BALLP PEN  10883 MBLA,CAN ESF MST GP CLS 10883 MBLA,10698
100015342,MEISTERS FOUNT PEN  13661 MBLA,CAN TIN MST GP LGR 13661 MBLA,10698
100015431,PRISMALO I AQUARELLE METAL BOX,LAPIS-COR C/18 PRISMALO   CARA,10698
100015440,PRISMALO I AQUARELLE METAL BOX,LAPIS-COR C/30 PRISMALO   CARA,10698
100015474,PRISMALO I AQUARELLE METAL BOX,LAPIS-COR C/40 PRISMALO   CARA,10698
100015504,J. BEAM BLACK 6YO 43% TIN BOX 1L,JIM BEAM BLACK BOURBON   100CL,1047
100015571,CLINIQUE CLARIFYING LOTION 3,CLARIFYING LOTION 3 400ML,8556
100015636,CLINIQUE MEN LOTION TUBE 100,SSFM M LOTION MOI 100ML,10698
100015644,WASH-AWAY GEL CLEANSER   150ML,WASH AWAY MUP REM GEL 150ML,10698
100015661,CLINIQUE MEN POST SHAVE HEALER 75,POST-SHAVE HEALER         75ML,8533
100015733,ACNE SOLUTIONS SPOT T GEL 15ML,ACNE SOLUTIONS SPOT T GEL 15ML,10698
100015741,CLINIQUE BLENDED FACE POWDER & BRUSH TRANSPARENCY 2 54G,BLEND FACE PWD TRANSPARENCY 2,10698
100015750,CLINIQUE BLENDED FACE POWDER & BRUSH TRANSPARENCY 4 35G,BLENDED FACE L/POW TRANSP 4,10698
100015776,CLINIQUE SUPER POWDER DOUBLE FACE MATTE BEIGE 10G,SUPERPOWDER DOUBLE C/FOU BEIGE,10698
100015784,CLINIQUE SUPER POWDER DOUBLE FACE MATTE HONEY 10G,SUPERPOWDER D F MATTE HONEY,10698
100015792,CLINIQUE STAY MATTE SHEER PRESSED POWD.OIL NEUTRAL,STAY-MT SH PRESSED PWD NEUTRAL,8556
100015849,CLINIQUE MEN SHAVE ALOE GEL 125,SSFM M SHAVE ALOE GEL 125ML,10698
100015946,CLINIQUE ANTI-PERSPIRANT DEO ROLL-ON 75,ANTIPERSPIRANT ROLL ON 75ML,8543
100015997,MARGARITA GLASS-CACTUS,BRINDE COPO MARGARITA CUERVO,10698
100016489,SET OF 6 BALLP PEN 849406 CARA,CJ C/6 CAN ESF SOR 849406 CARA,10698
100016713,BUCHANAN DE LUXE 6X100CL,BUCHANAN'S DE LUXE     6X100CL,7602
100016721,BUCHANAN DE LUXE 2X100CL,BUCHANAN'S 12YO        2X100CL,7602
100017001,MOZARTKUGELN COMBI 600GR,CHOC MOZARTKUGELN COMBI   600G,10698
100017060,BEEFEATER 2X100CL,BEEFEATER              2X100CL,5944
100017311,DOLCE & GABBANA PARFUM EDTS 50,EDT DOLCE & GABBANA PARFUM 50 ML,1
100017400,ALMOND BUTTER BISCUITS 175GR,BISC ALMOND BUTTER        175G,10698
100017591,ARMANI POUR HOMME DEO STICK 75G,ARMANI P/HOMME DEO STICK   75G,10698
100017647,B&G MARGAUX TRADITION     75CL,B&G MARGAUX TRADITION     75CL,10698
100017817,BOURGOGNE CHARDONNAY 75CL,BOURGOGNE CHARDONNAY      75CL,10698
100017825,CALVET BOURGOGNE PINOT NOIR 75CL,CALVET BOURG PINOT NOIR   75CL,3014
100017922,CAROLANS GIFT CARTON 100CL PLUS FREE MINIATURE OF FRANGELICO LIQUEUR 5 CL,CAROLANS 100CL+FRANGELICO 5CL,10698
100018058,T-10 BLUE INK,CARGA AZUL TINT T10/2077 LAMY,10698
100018082,CART TINTA PR W/5 T10     LAMY,CARGA PRETA TINT T10/2075 LAMY,10698
100018091,BALLPEN REFILL M16 M BLUE,CARGA ES AZ M16/17/0152M  LAMY,10698
100018104,BALLPEN REFILL M16 M BLACK,CARGA PRETA ESF M16/0150M LAMY,10698
100018155,GODIVA CHOC LQ  75CL 12X01 CTN EX,GODIVA LICOR DE CHOCOLATE 75CL,661
100018198,MIX DE MARISCOS,MIX DE MARISCOS YADRAN    192G,10698
100018279,BALLANTINE'S 18YO 75CL,BALLANTINE'S 18YO         75CL,10698
100018325,MONDORO ASTI 75CL,MONDORO ASTI SPUMANTE     75CL,1658
100018341,SHERIDAN'S 15.5% 70CL,SHERIDANS                 70CL,7030
100018368,JACK DANIEL'S OLD NO.7 3X100CL,JACK DANIEL'S OLD NO.7 3X100CL,10698
100018431,DAVIDOFF AMBASSADRICE W/25,DAVIDOFF AMBASSADRICE C/25,10698
100018449,EN LUCKY STRIKE ORIGINAL BLUE LIGHTS KS FI BOX 200,LUCKY STRIKE BLUE 200,5883
100018848,LUCIDITY LOOSE PWD TRANSPARENT,LUCIDITY LOOSE PWD TRANSPARENT,10698
100018996,MOET & CHANDON VINTAGE ROSE 75CL,MOET&CHANDON VINTAGE ROSE 75CL,10698
100019020,E.ARDEN 5TH AVENUE EDPS 75,5TH AVENUE EDP SPRAY   75ML,29
100019127,CLINIQUE FACIAL SOAP MILD 150G,FACIAL SOAP MILD W DISH   150G,10698
100019135,CLINIQUE FACIAL SOAP EXTRA STRENGTH WITH SOAP DISH 150G,FACIAL SOAP OILY SKIN FOR 150G,10698
100019232,PARTAGAS SERIE D NO.4 SBN-B 2/,PARTAGAS SERIE D NO.4 C/25,10698
100019364,FUNDADOR 2X100CL,FUNDADOR               2X100CL,10138
100019623,LANCOME RENERGIE YEUX 15,RENERGIE YEUX             15ML,1386
100019712,VEUVE CLICQUOT ROSE RESERVE 75CL,VEUVE CLICQUOT ROSE RES   75CL,7597
100020222,J&B JET 2X100CL,J&B JET                2X100CL,10698
100020231,HP BARBECUE SAUCE 250GR,HP BARBECUE SAUCE         250G,10698
100020451,YSL TOUCHE ECLAT 1 2.5,TOUCHE ECLAT 1,10698
100020508,LEA & PERRINS HOT PEPPER SAUCE 150ML,L&P HOT PEPPER SAUCE     150ML,10698
100020745,LANCOME ARTLINER NOIR 1.4G,ARTLINER BLACK 01,1406
100020796,I.MIYAKE L'EAU D'ISSEY EDTS 50,L'EAU D'ISSEY EDT SP      50ML,5990
100020893,COFFRET FRAGRANCE MASTERPIECES,COFFRET FRAGRANCE MASTERPIECES,10698
100020907,DOLCE & GABBANA HOMME EDTS 75,DOLCE&GABBANA P/H EDT SP  75ML,10179
100021199,CALVET RESERVE MERLOT CABERNET SAUVIGNON 75CL,CALVET CAB SAUVIGNON      75CL,3014
100021229,CALVET MERLOT PAYS D'OC 75CL,CALVET MERLOT             75CL,3014
100021342,BVLGARI EDP SPRAY 30ML,BVLGARI EDP SP            30ML,1
100022080,B&G COTES DU RHONE ROUGE 3X75CL,B&G COTES DU RHONE      3X75CL,10698
100022161,BIOTHERM BIOMAINS 100,BIOMAINS                 100ML,6500
100022225,GLENMORANGIE 10YO 2X100CL,GLENMORANGIE 10YO 2X100CL,1
100022306,BIOTHERM FIRMING BIOVERGETURES 150,BIOVERGETURES 150ML,10698
100022322,B&G ROSE D'ANJOU AC 3X75CL,B&G ROSE D'ANJOU AC     3X75CL,10698
100022535,OLD PARR 2X100CL,OLD PARR 12YO          2X100CL,7609
100022543,JIM BEAM ZIPPO LIGHTER,BRINDE ISQUEIRO ZIPPO JIM BEAM,10698
100022578,COFFRET HAUTE COLLECTION 5 EDP,COFFRET HAUTE COLLECTION 5 EDP,10698
100022594,CAROLANS 2X100CL,CAROLANS               2X100CL,10698
100022641,R.LAUREN POLO SPORT MEN EDTS 75,POLO SPORT EDT SP         75ML,1480
100022659,R.LAUREN POLO SPORT MEN EDTS 125,POLO SPORT EDT SP        125ML,1480
100022870,STRAWBERRY 100G,BAR COLOR LINDT STRAWBER 100G,10698
100022888,CHOCOLETTI MENTA          100G,CHOC LINDT CHOCOLETT MENT 100G,10698
100023001,MESSINO ORANGE MILK 125G,BISC BAHLSEN MESSINO      125G,10698
100023078,CHEDDAR CHEESE 200G,CHEDDAR                   200G,10698
100023205,MEISTERS BALL PEN BL10456 MBLA,CAN ESF MST GP LGR 10456 MBLA,10698
100023698,I.MIYAKE L'EAU D'ISSEY HOMME EDTS 75,L'EAU D'ISSEY P/H EDT SP  75ML,5991
100023710,CLINIQUE BLENDED FACE POWDER & BRUSH TRANSPARENCY 3 54G,BLENDED FACE L/POW TRANSP 3,10698
100023744,J.P.GAULTIER J.GAULTIER LE MALE EDTS 75,LE MALE EDT SP            75ML,479
100023868,J.P.GAULTIER J.GAULTIER LE MALE EDTS 125,LE MALE EDT SP           125ML,479
100023884,I.MIYAKE L'EAU D'ISSEY HOMME EDTS 125,L'EAU D'ISSEY P/H EDT SP 125ML,5991
100023973,60 CK-90-0001 PROMISE KEEPERS,BRD BOLSA PRO KEEPERS CLINIQUE,10698
100024384,100G BLOCKS DISNEY,CHOC DISNEY BARRA         100G,10698
100024406,SMARTIES DISNEY FIGURINE 150G,SMARTIES TUBO DISNEY      150G,10698
100024457,GRANT'S FAMILY RESERVE        175CL,GRANT'S FAMILY RESERVE   175CL,684
100024759,HOT KETCHUP 342G/300ML,KETCHUP HOT         342G/300ML,10698
100025496,FIVE-CAR GIFT PACK   1806 MATL,MIN C/5 CARROS DIVER 1806 MATL,10698
100026093,SALVADOR DALI LAGUNA EDTS SPRAY 100ML,LAGUNA EDT SP            100ML,7492
100026247,LAGUNA DEO SPRAY         100ML,LAGUNA DEO SPRAY         100ML,10698
100026506,LICOR 43 100CL,LICOR 43                 100CL,8834
100026522,L. LAGOUTE KIR ROYAL 75CL,KIR ROYAL                 75CL,9490
100026981,CHANEL ALLURE EDTS 100,ALLURE EDT SP            100ML,8310
100027031,LIPSTICK ROUGE TURBULENCE,ROUGE TURBULENCE,10698
100027588,ABSOLUT BLUE 2X100CL,ABSOLUT BLUE           2X100CL,1609
100027855,L'EAU D'ISSEY HOM DEO STIC 75G,L'EAU D'ISSEY HOM DEO STIC 75G,10698
100027961,HDRACONTROLE GEL 50ML,HYDRACONTROLE GEL         50ML,10698
100028002,CALVET BORDEAUX RED 75CL,CALVET BORDEAUX RED       75CL,3014
100028096,E.ARDEN SUNFLOWERS EDTS 100,SUNFLOWERS EDT SPRAY     100ML,10698
100028100,JACOBS CREEK SHIRAZ/CAB 75CL,JACOBS CREEK SHIRAZ/CAB   75CL,9297
100028142,J. CREEK CHARDONNAY 75CL,JACOBS CREEK CHARDONNAY   75CL,9297
100028291,PASHA EDT SPRAY          50ML,PASHA EDT SP              50ML,10698
100028487,REF.08569361,BRINDE KIT LANCOME C/3PRODS,10698
100028541,RALPH LAUREN TRAVEL BAG,BRD BOLSA VIAGEM RALPH LAUREN,10698
100028894,LANCOME BOCAGE DEO SP 125,BOCCAGE DRY DEO SPRAY    125ML,1385
100028908,LANCOME BOCCAGE DEO ROLL ON 40ML,BOCCAGE DEO ROLL ON 40ML,1406
100028991,FIBRALO 15PCS             CARA,LAP HIDROCOR FIBRALO C/15 CARA,10698
100029009,FIBRALO 24PCS             CARA,LAP HIDROCOR FIBRALO C/24 CARA,10698
100029092,BASEBALL CAP,BRD BONE BASEBALL G VERSACE,10698
100029122,MILKA MILK + MILKA HAZELNUTS 4X300 GRAMAS,CHOC MILKA MK+HAZELNUTS 4X300G,10698
100029203,MINT SHEETS 75G,CHOC C/ MENTA DIET         75G,10698
100029785,CHANEL NO 5 EDPS 50,CHANEL N.5 EDP SP         50ML,8301
100029882,HB CROWN SILVER PLATED  LUGGAGE TAG,BRD ETIQUETA P/MALA HB CROWN,10698
100029921,SATIN STRIPS 120X120CM,LENCO SEDA 120X120CM      MROZ,10698
100030066,MATEUS ROSE 100CL,MATEUS ROSE              100CL,9667
100030074,QUINTA DE AZEVEDO 75CL,QUINTA DE AZEVEDO         75CL,9667
100030201,DUQUE DE VISEU 75CL,DUQUE DE VISEU DAO TINTO  75CL,9667
100031186,CHOCOMOUSSE 100GRS,BISC BAHLSEN CHOCOMOUSSE  100G,10698
100031267,COURVOISIER XO IMPERIAL 70CL,COURVOISIER XO IMPERIAL   70CL,8609
100031577,TIA MARIA 2X100CL,TIA MARIA              2X100CL,10698
100031780,R&G POUR L'HOMME EDT SPR 100ML,R&G POUR L'HOMME EDT SPR 100ML,10698
100032166,CAROLINA HERRERA EDT SPR  50ML,CAROLINA HERRERA EDT SP   50ML,1
100032441,J. WALKER RED LABEL 4X100CL,J WALKER RED LABEL     4X100CL,1092
100032603,J. DANIEL'S OLD NO.7 2X100CL,JACK DANIEL'S OLD NO.7 2X100CL,1032
100032913,SAUZA GOLD 38% 1L,SAUZA EXTRA GOLD         100CL,6960
100032921,SAUZA SILVER 1 LT,SAUZA SILVER BLANCO      100CL,6960
100032948,W. HORSE 4X100CL,WHITE HORSE            4X100CL,7336
100033014,SUN MOON STARS EDT 50ML SPRAY,SUN MOON STARS EDT SPRAY  50ML,10698
100033111,CALANDRE EDT 50ML SPRAY,CALANDRE EDT SP           50ML,10698
100033359,J.P.GAULTIER J.GAULTIER EDTS 50,LE CLASSIQUE EDT SP       50ML,480
100033383,DKNY SMALL LETHER GOOD ZIP WAL,CARTEIR ZIP W/BI R9924808 DKNY,10698
100033448,G.SABATINI SABATINI EDTS 60 ML,GABRIELA SABATINI EDT SP  60ML,8171
100033472,SWISS CHOCOLATE CIGARS 300GR,CHOC SWISS CIGARS         300G,10698
100034151,JOSE CUERVO SUNGLASSES,BRINDE OCULOS SOL JOSE CUERVO,10698
100034282,LICOR 43 100CL+CAP,LICOR 43 C/BONE          100CL,10698
100034525,FINLANDIA CRANBERRY 100CL,FINLANDIA CRANBERRY      100CL,10698
100034681,BALLANTINE'S 12YO 3X100CL,BALLANTINE'S 12YO      3X100CL,1115
100034916,J.WALKER BLACK LABEL 12YO 3X1L,J WALKER BLACK LABEL   3X100CL,1092
100034983,FERNET BRANCA 100CL,FERNET BRANCA            100CL,10698
100035050,G.VERSACE BLUE JEANS EDTS 75,BLUE JEANS EDT SP         75ML,10698
100035068,G.VERSACE RED JEANS EDTS 75,RED JEANS EDT SP          75ML,10698
100035114,JAIPUR EDT SPRAY 50ML,JAIPUR EDT SP             50ML,10698
100035297,CLINIQUE RINSE OFF EYE MAKE UP SOLVENT 125,RINSE OFF E/MUP REM SOLV 125ML,8541
100035335,EYE SHADOW DUO SPICE TWICE,EYE SHADOW DUO SPICE TWICE,1
100035530,TIME ZONE EYES            15ML,TIME ZONE EYES            15ML,10698
100035548,BIG BLUE NECESSAIRE,BRD NECESSAIRE GR ESTEE LAUDER,10698
100035572,MAXIMUM CARE BODY LOTION 250ML,MAXIMUM CARE BODY LOTION 250ML,10698
100035891,CHERRY/APRICOT/KIWI 3X4CL,CHERRY/APRICOT/KIWI      3X4CL,10698
100035921,MONDORO ASTI SPUMANTE   2X75CL,MONDORO ASTI SPUMANTE   2X75CL,10698
100035963,P.HEIDSIECK BRUT IC 75CL,PIPER-HEIDSIECK BRUT      75CL,7949
100036021,KRUG GRANDE CUVEE 75CL.,KRUG GRANDE CUVEE         75CL,1265
100036048,J.WALKER BLACK LABEL TWINPACK 40% 2X1L,J WALKER BLACK LABEL   2X100CL,1090
100036081,FILME 135-24 100ASA      KODAK,FILME 135-24 100ASA       KODK,1
100036099,HAND COSMETIC POUCH CLINIQUE 698N-90-0000,BRINDE COSMETIC POUCH CLINIQUE,10698
100036161,J.WALKER RED LABEL 12X1L,J WALKER RED LABEL    12X100CL,1091
100036251,H.BOSS HUGO EDTS 100,HUGO EDT SP              100ML,7121
100036269,H.BOSS HUGO EDTS 150,HUGO EDT SP              150ML,7121
100036277,H.BOSS HUGO DEO ST 75,HUGO DEO STICK            75GR,7121
100036480,L&P GARLIC PURE OIL 150ML,L&P GARLIC PURE OIL      150ML,10698
100036650,I.MIYAKE L'EAU D'ISSEY EDTS 100,L'EAU D'ISSEY EDT SP     100ML,5990
100036676,CHIANTI DOCG 75CL,CHIANTI DOCG              75CL,10698
100036897,CHIANTI CLASSICO 75CL,CHIANTI CLASSICO 75CL,10148
100036927,BVLGARI PH EDT SPRAY     100ML,BVLGARI P/H EDT SP       100ML,10698
100037095,BVLGARI PH DEO SPRAY     100ML,BVLGARI PH DEO SPRAY     100ML,10698
100037125,KARL FAZER CHOCO 400G,CHOC KARL FAZER           400G,10698
100037184,CHANEL COCO EDTS 50,COCO EDT SP               50ML,10698
100037338,FENICE 70CL,FENICE                    70CL,10698
100037435,REGINA GRAPPA 35CL,REGINA                    35CL,10698
100037851,MINOTAURE EDT SPRAY 50ML,MINOTAURE EDT SPRAY       50ML,10698
100038041,SALVADOR DALI LAGUNA EDTS SPRAY 50ML,LAGUNA EDT SP             50ML,7492
100038075,SALVADOR DALI POUR HOMME EDT5,SALVADOR DALI P/H EDT SPR 50ML,10698
100038351,LINDT NAPOLITAINS ASSORTED SILVER CHURN 300G,CHOC NAPOLITAINS SILV CAN 300G,10698
100038491,BALL POINT PEN CL MD 3302 CROS,CAN ESF CCENTURY MEDALIST CROS,10698
100038555,DRAMBUIE 2X100CL,DRAMBUIE               2X100CL,10415
100038792,AFTER EIGHT CARRIAGE CLOCK TIN 500G,AEIGHT CARRIAGE CLOCK TIN 500G,10698
100039888,J&B ULTIMA 70CL,J&B ULTIMA                70CL,10698
100039969,BALLANTINE'S 12YO 2X100CL,BALLANTINE'S 12YO 2X100CL,1
100040070,POCHETTE ROGER & GALLET  CONTAINING 01 TOILET SOAP 25 GR. + 01 EDC EXTRA VIEILLE 15ML,BRINDE POCHETTE ROGER & GALLET,10698
100040169,GUCCI ENVY EDT 15ML + BODY LOTION 50ML,BRD ENVY EDT15ML+B LOTION 50ML,10698
100040525,BALLANTINE'S FINEST 6X100CL,BALLANTINE'S FINEST    6X100CL,1115
100040762,YSL JAZZ EDTS VAPO,JAZZ EDT SP              100ML,7359
100040835,NOCELLO 75CL,NOCELLO                   75CL,9621
100040991,CACHAREL ANAIS EDTS 50,ANAIS ANAIS EDT SP        50ML,7748
100041106,EN DAVIDOFF CLASSIC        FF KS FI BOX 200,DAVIDOFF CLASSICS C/200,10197
100041114,DAVIDOFF COOL WATER EDTS 75,COOL WATER EDT SP         75ML,8734
100041203,CLINIQUE CLARIFYING LOTION 2 400,CLARIFYING LOTION 2 400ML,8546
100041262,CLINIQUE CLARIFYING LOTION 4,CLARIFYING LOTION 4 400ML,1
100041319,EN- DAVIDOFF GOLD KSF 200,DAVIDOFF LIGHTS C/200,10196
100041343,HAIRBRUSH        SP09GTRA JANK,ESC CABELO       SP09GTRA JANK,10698
100041360,COINTREAU 100CL + SHAKER FREE,COINTREAU 100CL+COQUETELEIRA,10698
100041459,MOZART GOLD 70CL,MOZART GOLD               70CL,1309
100041602,BAILEYS ORIGINAL 2X100CL,BAILEYS ORIGINAL 2X100CL,10698
100041629,C.DIOR LIP LINER 588 1.2G,CRAYON CONTOUR LEVRES 588,9590
100041645,M. BRIZARD CHARLESTON FOLLIES 75CL,CHARLESTON FOLLIES        75CL,607
100041955,STOLICHNAYA 2X100CL,STOLICHNAYA            2X100CL,10698
100042145,1202 BEARS FROM THE PAST,PELUC BEARS F T PAST 1202 RUSS,1
100042200,SAUZA GOLD 2X100CL,SAUZA GOLD             2X100CL,6960
100042234,PORTABLE BEAUTY 02 LIPSTICKS 01 MASCARA,BRINDE KIT ESTEE LAUDER C/3P,10698
100042277,NAIL ENAMEL 631,CD NAIL ENAMEL 631,10698
100042901,JOHNNIE WALKER GOLD LABEL 75CL 18YO,J WALKER GOLD LABEL 18YO  75CL,1088
100042986,TALISKER 10YO 45.8% IC 1L,TALISKER MALT 10YO       100CL,7599
100043028,GLENFIDDICH 15YO 40% 1L,GLENFIDDICH 15YO 100CL,599
100043036,UNDERBERG 44% MULTIPACK 5X2CL,UNDERBERG GIFT PACK 5 GARRAFAS,8295
100043052,PINA COLADA 70CL,PINA COLADA               70CL,10698
100043150,TOBLERONE GOLD 6X50G,BRD CHOC TOBLERONE GOLD 6X50G,10698
100043176,FAZERMINT 150G,BRD CHOCOLATE FAZERMINT 150G,10698
100043320,COINTREAU 2X100CL,COINTREAU              2X100CL,8588
100043621,CERRUTI TRAVEL BAG,BRINDE BOLSA DE VIAGEM CERRUTI,10698
100043664,VAN CLEEF & ARPELS FIRST EDTS VAPO 60,FIRST EDT SP              60ML,7275
100043842,ANTAEUS EDT SPRAY 100ML,ANTAEUS EDT SPRAY        100ML,1
100044016,C.DIOR DUNE EDTS 100,DUNE EDT SPRAY           100ML,9584
100044601,VAN CLEEF & ARPELS TSAR EDTS VAPO 100,TSAR EDT SP              100ML,7272
100044661,T9851 AIR HAMMER OVERSIZE BLUE SQUASH RACQUET,RAQ-SQ AIR HAMMER O T9851 WILS,10698
100044971,Z5235 SHOCK ABSORBER PROFEEL,AMORTECEDOR P/RAQ   Z5235 WILS,10698
100045217,DIMPLE 15YO 43% 1L,DIMPLE 15YO              100CL,820
100045632,PENTE               LG360 JANK,PENTE               LG360 JANK,10698
100045781,P.RABANNE PACO EDTS 100,PACO EDT SPRAY           100ML,6633
100046167,BVLGARI EDP SPRAY         50ML,BVLGARI EDP SP            50ML,1
100046451,FINLANDIA 2X100CL,FINLANDIA              2X100CL,340
100046507,ACQUA DI GIO DEO SPRAY   150ML,ACQUA DI GIO DEO SPRAY   150ML,10698
100047104,CHANEL NO 5 EDTS NO REFILL 50,CHANEL N.5 EDT SP         50ML,8301
100047422,COLLECTION PRIVEE SAINT-EMILLION 75CL,COL PRIVEE SAINT-EMILLION 75CL,10154
100048208,BALLANTINE'S 30YO 2X70CL,BALLANTINE'S 30YO       2X70CL,1115
100048658,ALMOST LIPSTICK BLACK HONEY,ALMOST LIPSTICK BLACK HONEY,10698
100048712,ALMOST LIPSTICK ALMOST BARE,ALMOST LIPSTICK ALMOST BARE,1
100049093,CABOTINE DEODORANT SPRAY 150ML,CABOTINE DEO SPRAY       150ML,10698
100049361,ALMOND NOUGAT CRUNCH 200G,TORTA IMPERIAL            200G,10698
100049514,GIVENCHY ORGANZA EDPS 50,ORGANZA EDP SP            50ML,527
100049522,GIVENCHY ORGANZA EDPS 100,ORGANZA EDP SP           100ML,527
100049697,PLEASURES F/MEN COLOG SPR 50ML,PLEASURES F/M COL SP      50ML,10698
100231801,CHOCOLATE LINGUA DE GATO 100G,CHOC LINGUA DE GATO       100G,1
100232009,BRINDE M&M'S WAISTBAG,BRINDE M&M'S WAISTBAG,10698
100232181,JACOBS CREEK CABERNET   2X75CL,JACOBS CREEK SHIRAZ/CAB 2X75CL,10698
